-292,9079332075451;-298,7742596559561;-246,05220888774815;
-0;-302,6206596281792;-300,3348520577626;
292,9079332075451;-302,8408687516559;-305,88681271814175;
296,56025536427416;-302,91574524556347;-306,889181616323;
297,0745282418755;-302,9645834696911;-307,1974353237338;
297,2106517726631;-302,9718695354837;-307,2894859623997;
297,2588292488439;-302,84645464269374;-307,3112741696958;
297,2781567285784;-302,15676745760067;-307,6015154753383;
297,2865152189005;-297,6344325435225;-307,0863676674814;
297,24510406530453;-294,5506600329341;-303,51326039252115;
-302,6206596281792;-0;-312,26177805058313;
-302,8408687516559;292,9079332075451;-0;
-302,91574524556347;296,56025536427416;-0;
-302,9645834696911;297,0745282418755;-0;
-302,9718695354837;297,2106517726631;-0;
-302,84645464269374;297,2588292488439;-0;
-302,15676745760067;297,2781567285784;-0;
-297,6344325435225;297,2865152189005;-316,88473552922693;
-294,5506600329341;297,24510406530453;-309,28436259188464;
297,6344325435225;294,97485641876165;-302,7899649012424;
-303,2985894760722;298,7742596559561;-308,40354514286327;
298,18657770398187;302,6206596281792;-0;
303,2985894760722;302,8408687516559;-250,84991957358497;
307,978725370987;302,91574524556347;-252,90030925290944;
308,68119729948336;302,9645834696911;-253,47276583145853;
308,8057828822544;302,9718695354837;-253,58987366305755;
308,78105789100806;302,84645464269374;-253,53010438522776;
308,70114480213107;302,15676745760067;-253,32005665926533;
308,5939349443029;297,6344325435225;-252,46466288332374;
308,3057830374864;294,5506600329341;-245,62938026224663;
-304,4040576458756;298,18657770398187;-314,6371853361046;
-304,75889523316306;303,2985894760722;-0;
-304,91391067954083;307,978725370987;-0;
-305,01860386197353;308,68119729948336;-0;
-305,0618214504817;308,8057828822544;-0;
-304,9163237896267;308,78105789100806;-0;
-304,14439028326433;308,70114480213107;-0;
-299,4349073229907;308,5939349443029;-0;
-298,524755996166;308,3057830374864;-312,71203988727365;
299,4349073229907;304,48044769303993;-308,7721905073919;
-303,750409185177;300,33204119861347;-309,55552932114796;
298,6912455375817;304,4040576458756;-0;
303,750409185177;304,75889523316306;-252,09760862039582;
308,482535331601;304,91391067954083;-254,23477880811978;
309,2119266617783;305,01860386197353;-254,85626407700443;
309,3359437088965;305,0618214504817;-254,96731960143447;
309,29303006972447;304,9163237896267;-254,85853030757733;
309,18125709674206;304,14439028326433;-254,5581535504065;
309,02587470871;299,4349073229907;-253,52418849946946;
308,6643132624649;298,524755996166;-246,31894102335588;
-304,53234593732805;298,6912455375817;-315,0592213310918;
-304,92880168786405;303,750409185177;-0;
-305,10682690067785;308,482535331601;-0;
-305,23352474178506;309,2119266617783;-0;
-305,28158307399633;309,3359437088965;-0;
-305,13515560326084;309,29303006972447;-0;
-304,34202213061616;309,18125709674206;-0;
-299,5963495959724;309,02587470871;-0;
-298,6386707653566;308,6643132624649;-311,6923119549976;
299,5963495959724;304,7070928147419;-309,4998214439221;
-303,77408683495395;300,4033133556105;-309,57067078923325;
298,71479395651284;304,53234593732805;-0;
303,77408683495395;304,92880168786405;-252,0864224206851;
308,5055107297889;305,10682690067785;-254,18645771229887;
309,23141403374973;305,23352474178506;-254,7766896756829;
309,3498348120165;305,28158307399633;-254,8645119418197;
309,2993653474066;305,13515560326084;-254,7356694161953;
309,1811922852786;304,34202213061616;-254,45345507633633;
309,02115413290943;299,5963495959724;-253,40595560800918;
308,65586916490173;298,6386707653566;-246,23063315825;
-304,27405277892797;298,71479395651284;-314,2181283143606;
-304,63434569582904;303,77408683495395;-0;
-304,7927956883153;308,5055107297889;-0;
-304,9124230670789;309,23141403374973;-0;
-304,9682541733893;309,3498348120165;-0;
-304,8561687122221;309,2993653474066;-0;
-304,11159194449175;309,1811922852786;-0;
-299,4484922349459;309,02115413290943;-0;
-298,58668795656524;308,65586916490173;-312,84107835998356;
299,4484922349459;304,69701256687586;-308,8692021106295;
-302,8348884331292;300,22057170872796;-308,5957428780599;
298,3261457624385;304,27405277892797;-0;
302,8348884331292;304,63434569582904;-248,83645657436608;
307,1807016978054;304,7927956883153;-250,332254786457;
307,71062826665474;304,9124230670789;-250,64366541721444;
307,7583793893594;304,9682541733893;-250,64196842843128;
307,70109293331734;304,8561687122221;-250,53064437951846;
307,61196221384546;304,11159194449175;-250,33172968137782;
307,50214420025065;299,4484922349459;-249,5851812017234;
307,22751573377104;298,58668795656524;-0;
-292,8768800208862;298,3261457624385;-299,5647197545456;
-293,0368928119975;302,8348884331292;-303,0904358295931;
-293,10748968697646;307,1807016978054;-303,4625177123272;
-293,1722297770847;307,71062826665474;-303,5805204976216;
-293,2278332318678;307,7583793893594;-303,6693255385881;
-293,24202150484746;307,70109293331734;-303,7255683260822;
-292,97620027737884;307,61196221384546;-303,66745730303154;
-289,78705561481456;307,50214420025065;-303,04394544575933;
-295,28403196224644;307,22751573377104;-298,21582844570815;
289,78705561481456;303,5815943403955;-303,8962689320844;
-300,3348520577626;-312,26177805058313;-246,10381103848218;
246,05220888774815;-0;292,9079332075451;
300,3348520577626;-0;296,56025536427416;
305,88681271814175;-0;297,0745282418755;
306,889181616323;-0;297,2106517726631;
307,1974353237338;-0;297,2588292488439;
307,2894859623997;-0;297,2781567285784;
307,3112741696958;-316,88473552922693;297,2865152189005;
307,6015154753383;-309,28436259188464;297,24510406530453;
307,0863676674814;-302,7899649012424;294,97485641876165;
-0;246,05220888774815;298,7742596559561;
-0;300,3348520577626;302,6206596281792;
-0;305,88681271814175;302,8408687516559;
-0;306,889181616323;302,91574524556347;
-0;307,1974353237338;302,9645834696911;
-0;307,2894859623997;302,9718695354837;
-316,88473552922693;307,3112741696958;302,84645464269374;
-309,28436259188464;307,6015154753383;302,15676745760067;
-302,7899649012424;307,0863676674814;297,6344325435225;
309,28436259188464;303,51326039252115;294,5506600329341;
-0;312,26177805058313;298,18657770398187;
308,40354514286327;-0;303,2985894760722;
-0;-0;307,978725370987;
250,84991957358497;-0;308,68119729948336;
252,90030925290944;-0;308,8057828822544;
253,47276583145853;-0;308,78105789100806;
253,58987366305755;-0;308,70114480213107;
253,53010438522776;316,88473552922693;308,5939349443029;
253,32005665926533;309,28436259188464;308,3057830374864;
252,46466288332374;302,7899649012424;304,48044769303993;
-0;308,40354514286327;300,33204119861347;
-0;-0;304,4040576458756;
-0;250,84991957358497;304,75889523316306;
-0;252,90030925290944;304,91391067954083;
-0;253,47276583145853;305,01860386197353;
-0;253,58987366305755;305,0618214504817;
-0;253,53010438522776;304,9163237896267;
-312,71203988727365;253,32005665926533;304,14439028326433;
-308,7721905073919;252,46466288332374;299,4349073229907;
312,71203988727365;245,62938026224663;298,524755996166;
-0;314,6371853361046;298,6912455375817;
309,55552932114796;-0;303,750409185177;
-0;-0;308,482535331601;
252,09760862039582;-0;309,2119266617783;
254,23477880811978;-0;309,3359437088965;
254,85626407700443;-0;309,29303006972447;
254,96731960143447;-0;309,18125709674206;
254,85853030757733;-0;309,02587470871;
254,5581535504065;312,71203988727365;308,6643132624649;
253,52418849946946;308,7721905073919;304,7070928147419;
-0;309,55552932114796;300,4033133556105;
-0;-0;304,53234593732805;
-0;252,09760862039582;304,92880168786405;
-0;254,23477880811978;305,10682690067785;
-0;254,85626407700443;305,23352474178506;
-0;254,96731960143447;305,28158307399633;
-0;254,85853030757733;305,13515560326084;
-311,6923119549976;254,5581535504065;304,34202213061616;
-309,4998214439221;253,52418849946946;299,5963495959724;
311,6923119549976;246,31894102335588;298,6386707653566;
-0;315,0592213310918;298,71479395651284;
309,57067078923325;-0;303,77408683495395;
-0;-0;308,5055107297889;
252,0864224206851;-0;309,23141403374973;
254,18645771229887;-0;309,3498348120165;
254,7766896756829;-0;309,2993653474066;
254,8645119418197;-0;309,1811922852786;
254,7356694161953;-0;309,02115413290943;
254,45345507633633;311,6923119549976;308,65586916490173;
253,40595560800918;309,4998214439221;304,69701256687586;
-0;309,57067078923325;300,22057170872796;
-0;-0;304,27405277892797;
-0;252,0864224206851;304,63434569582904;
-0;254,18645771229887;304,7927956883153;
-0;254,7766896756829;304,9124230670789;
-0;254,8645119418197;304,9682541733893;
-0;254,7356694161953;304,8561687122221;
-312,84107835998356;254,45345507633633;304,11159194449175;
-308,8692021106295;253,40595560800918;299,4484922349459;
312,84107835998356;246,23063315825;298,58668795656524;
-0;314,2181283143606;298,3261457624385;
308,5957428780599;-258,12576158311833;302,8348884331292;
-0;-257,562919623611;307,1807016978054;
248,83645657436608;-257,23316653115927;307,71062826665474;
250,332254786457;-256,95766845961214;307,7583793893594;
250,64366541721444;-256,7353049287776;307,70109293331734;
250,64196842843128;-256,6335597357705;307,61196221384546;
250,53064437951846;-256,76863432310245;307,50214420025065;
250,33172968137782;312,84107835998356;307,22751573377104;
249,5851812017234;308,8692021106295;303,5815943403955;
-303,0904358295931;308,5957428780599;290,3020969127043;
-303,4625177123272;-0;292,8768800208862;
-303,5805204976216;248,83645657436608;293,0368928119975;
-303,6693255385881;250,332254786457;293,10748968697646;
-303,7255683260822;250,64366541721444;293,1722297770847;
-303,66745730303154;250,64196842843128;293,2278332318678;
-303,04394544575933;250,53064437951846;293,24202150484746;
-298,21582844570815;250,33172968137782;292,97620027737884;
-303,8962689320844;249,5851812017234;289,78705561481456;
298,21582844570815;-0;295,28403196224644;
-300,99105573000054;-314,08366672799656;246,05220888774815;
246,84535653264862;-0;300,3348520577626;
300,99105573000054;-0;305,88681271814175;
307,0950914795654;-0;306,889181616323;
308,3296722971867;-0;307,1974353237338;
308,7165902789036;-0;307,2894859623997;
308,85174562131243;-0;307,3112741696958;
308,8641791966607;-0;307,6015154753383;
308,8276765823668;-311,2056178683788;307,0863676674814;
308,55014645954276;-303,8578116879892;303,51326039252115;
-0;246,84535653264862;312,26177805058313;
-0;300,99105573000054;-0;
-0;307,0950914795654;-0;
-0;308,3296722971867;-0;
-0;308,7165902789036;-0;
-0;308,85174562131243;-0;
-0;308,8641791966607;-0;
-311,2056178683788;308,8276765823668;316,88473552922693;
-303,8578116879892;308,55014645954276;309,28436259188464;
311,2056178683788;304,5697975015795;302,7899649012424;
-0;314,08366672799656;308,40354514286327;
310,0719610127277;-0;-0;
-0;-0;250,84991957358497;
254,48073600330233;-0;252,90030925290944;
257,17525273015093;-0;253,47276583145853;
258,1048986805964;-0;253,58987366305755;
258,36890057748843;-0;253,53010438522776;
258,34497375449513;-0;253,32005665926533;
258,0922305285144;311,2056178683788;252,46466288332374;
256,79967655630173;303,8578116879892;245,62938026224663;
-247,39734045675;310,0719610127277;314,6371853361046;
-249,00794585102693;-0;-0;
-249,32220633960924;254,48073600330233;-0;
-249,3398636462336;257,17525273015093;-0;
-248,98004710696108;258,1048986805964;-0;
-247,948322641682;258,36890057748843;-0;
-245,1266015868319;258,34497375449513;-0;
-315,4230636799746;258,0922305285144;-0;
-0;256,79967655630173;312,71203988727365;
315,4230636799746;248,5958241421191;308,7721905073919;
-245,52379488435815;-0;309,55552932114796;
5,329070518200751E-16;247,39734045675;-0;
245,52379488435815;249,00794585102693;252,09760862039582;
256,21638522878874;249,32220633960924;254,23477880811978;
259,1573105944763;249,3398636462336;254,85626407700443;
260,1803323233502;248,98004710696108;254,96731960143447;
260,51808421384675;247,948322641682;254,85853030757733;
260,461537864274;245,1266015868319;254,5581535504065;
260,09841490873447;315,4230636799746;253,52418849946946;
258,46397903361583;-0;246,31894102335588;
-247,96463914574443;-0;315,0592213310918;
-249,5789038735361;245,52379488435815;-0;
-249,9806608866046;256,21638522878874;-0;
-250,16307400947744;259,1573105944763;-0;
-249,85598684851755;260,1803323233502;-0;
-248,1103272120089;260,51808421384675;-0;
-245,76306808315428;260,461537864274;-0;
-316,2194549712302;260,09841490873447;-0;
-0;258,46397903361583;311,6923119549976;
316,2194549712302;249,63762827697954;309,4998214439221;
-245,50824742906752;-0;309,57067078923325;
-0;247,96463914574443;-0;
245,50824742906752;249,5789038735361;252,0864224206851;
256,1619198635503;249,9806608866046;254,18645771229887;
259,04036242486643;250,16307400947744;254,7766896756829;
260,00285944615104;249,85598684851755;254,8645119418197;
260,31064575174275;248,1103272120089;254,7356694161953;
260,2189658378514;245,76306808315428;254,45345507633633;
259,838637203567;316,2194549712302;253,40595560800918;
258,20097377027736;-0;246,23063315825;
-246,4872336165625;-0;314,2181283143606;
-247,95024628268928;245,50824742906752;-0;
-248,24388062938218;256,1619198635503;5,329070518200751E-16;
-248,34074983351252;259,04036242486643;-0;
-248,24208625512696;260,00285944615104;-0;
-247,32233440117164;260,31064575174275;-0;
-0;260,2189658378514;-0;
-315,4731603454863;259,838637203567;-0;
-0;258,20097377027736;312,84107835998356;
315,4731603454863;249,46260287766665;308,8692021106295;
-0;-256,8530707037601;308,5957428780599;
-0;-255,5911348168531;-0;
-0;-254,86890880572577;248,83645657436608;
251,89428283730274;-255,60701901860938;250,332254786457;
253,86877703920658;-255,25850424102532;250,64366541721444;
254,36995609542677;-254,85647615163344;250,64196842843128;
254,42739702289387;-254,4065430083379;250,53064437951846;
254,3225580426778;-253,3884453796924;250,33172968137782;
254,0727948285096;315,4731603454863;249,5851812017234;
252,99532843300221;-0;5,329070518200751E-16;
-303,78974575020464;-0;299,5647197545456;
-304,2500529704067;-0;303,0904358295931;
-305,56064195215714;251,89428283730274;303,4625177123272;
-305,6940157379971;253,86877703920658;303,5805204976216;
-305,4758164098349;254,36995609542677;303,6693255385881;
-304,9304646888997;254,42739702289387;303,7255683260822;
-302,93516620246254;254,3225580426778;303,66745730303154;
-299,40461459601494;254,0727948285096;303,04394544575933;
-305,02486718526717;252,99532843300221;298,21582844570815;
299,40461459601494;245,78669559275698;303,8962689320844;
-301,1376631572711;-314,6782377948761;246,84535653264862;
247,14763324631798;-0;300,99105573000054;
301,1376631572711;-0;307,0950914795654;
307,34488775649;-0;308,3296722971867;
308,64790837140686;-0;308,7165902789036;
309,0687223862235;-0;308,85174562131243;
309,2101066616925;-0;308,8641791966607;
309,2302393245838;-0;308,8276765823668;
309,17875062823606;-311,6017062684534;308,55014645954276;
308,85958619109647;-304,3965154015102;304,5697975015795;
-0;247,14763324631798;314,08366672799656;
-0;301,1376631572711;-0;
-0;307,34488775649;-0;
-0;308,64790837140686;-0;
-0;309,0687223862235;-0;
-0;309,2101066616925;-0;
-0;309,2302393245838;-0;
-311,6017062684534;309,17875062823606;-0;
-304,3965154015102;308,85958619109647;311,2056178683788;
311,6017062684534;304,7677389999075;303,8578116879892;
-0;314,6782377948761;310,0719610127277;
-0;-0;-0;
-0;-0;254,48073600330233;
255,39654402887425;-0;257,17525273015093;
258,431299198;-0;258,1048986805964;
259,52066219257864;-0;258,36890057748843;
259,87351856404536;-0;258,34497375449513;
259,88198924795125;-0;258,0922305285144;
259,599445337935;311,6017062684534;256,79967655630173;
258,10406550273666;304,3965154015102;248,5958241421191;
-249,1118756717306;-0;-0;
-250,94640014237433;-0;247,39734045675;
-251,32973266010637;255,39654402887425;249,00794585102693;
-251,31691459974175;258,431299198;249,32220633960924;
-250,85732401379414;259,52066219257864;249,3398636462336;
-249,53363784881466;259,87351856404536;248,98004710696108;
-246,38306850981058;259,88198924795125;247,948322641682;
-316,2515374601631;259,599445337935;245,1266015868319;
-0;258,10406550273666;315,4230636799746;
316,2515374601631;249,40428698992247;-0;
-246,40146708614316;-0;-0;
-0;249,1118756717306;245,52379488435815;
246,40146708614316;250,94640014237433;256,21638522878874;
257,45507820501103;251,32973266010637;259,1573105944763;
260,72242934633834;251,31691459974175;260,1803323233502;
262,01498864570954;250,85732401379414;260,51808421384675;
262,44512405498057;249,53363784881466;260,461537864274;
262,4401416215852;246,38306850981058;260,09841490873447;
262,008600883778;316,2515374601631;258,46397903361583;
260,1238137918703;-0;249,63762827697954;
-249,75992666131978;-0;-0;
-251,7422223510145;246,40146708614316;247,96463914574443;
-252,1983196030811;257,45507820501103;249,5789038735361;
-252,21908943424634;260,72242934633834;249,9806608866046;
-251,1046263449051;262,01498864570954;250,16307400947744;
-250,371242702418;262,44512405498057;249,85598684851755;
-246,49350968503583;262,4401416215852;248,1103272120089;
-317,16285414513715;262,008600883778;245,76306808315428;
-0;260,1238137918703;316,2194549712302;
317,16285414513715;250,63878134430686;-0;
-246,3867078657211;-0;-0;
-0;249,75992666131978;245,50824742906752;
246,3867078657211;251,7422223510145;256,1619198635503;
257,3468386655944;252,1983196030811;259,04036242486643;
260,5502197524264;252,21908943424634;260,00285944615104;
261,76130179163874;251,1046263449051;260,31064575174275;
262,1343468793182;250,371242702418;260,2189658378514;
262,0859041447043;246,49350968503583;259,838637203567;
261,65664775072065;317,16285414513715;258,20097377027736;
259,79220546405816;-0;249,46260287766665;
-247,99638806023023;-0;-0;
-249,72911747786515;246,3867078657211;246,4872336165625;
-250,14254742539669;257,3468386655944;247,95024628268928;
-250,20748617509753;260,5502197524264;248,24388062938218;
-249,2575206677892;261,76130179163874;248,34074983351252;
-248,77449686723133;262,1343468793182;248,24208625512696;
-245,83796057460106;262,0859041447043;247,32233440117164;
-316,0333642638108;261,65664775072065;-0;
-0;259,79220546405816;315,4731603454863;
316,0333642638108;250,4111182119583;-0;
-0;-256,4719951565275;-0;
-0;-255,4464843212311;-0;
-0;-255,29125932743716;251,89428283730274;
252,62171851531434;-254,15226515878007;253,86877703920658;
254,7874610516771;-254,50456471894196;254,36995609542677;
255,38542687978045;-254,30292146344433;254,42739702289387;
255,50042139638145;-256,1423966318649;254,3225580426778;
255,38755539512624;-254,4309267138837;254,0727948285096;
255,09793006218348;316,0333642638108;252,99532843300221;
253,88143372273606;-0;245,78669559275698;
-304,6575846083601;-0;299,0610768791197;
-305,8788075847498;-0;303,78974575020464;
-305,37311042170256;252,62171851531434;304,2500529704067;
-306,17648091720037;254,7874610516771;305,56064195215714;
-306,2100741292435;255,38542687978045;305,6940157379971;
-307,81519058554426;255,50042139638145;305,4758164098349;
-304,9336254625553;255,38755539512624;304,9304646888997;
-299,66691557416215;255,09793006218348;302,93516620246254;
-305,26834634355913;253,88143372273606;299,40461459601494;
299,66691557416215;246,34261692226488;305,02486718526717;
-301,17046288458647;-314,83984124817795;247,14763324631798;
247,143905677928;-0;301,1376631572711;
301,17046288458647;-0;307,34488775649;
307,4125181987631;-0;308,64790837140686;
308,7320706329133;-0;309,0687223862235;
309,16356267718317;-0;309,2101066616925;
309,3075431429322;-0;309,2302393245838;
309,325496737749;-0;309,17875062823606;
309,26927891792246;-311,7079318935932;308,85958619109647;
308,930800955841;-303,64031630142927;304,7677389999075;
-0;247,143905677928;314,6782377948761;
-0;301,17046288458647;5,329070518200751E-16;
-0;307,4125181987631;-0;
-0;308,7320706329133;-0;
-0;309,16356267718317;-0;
-0;309,3075431429322;-0;
-0;309,325496737749;-0;
-311,7079318935932;309,26927891792246;-0;
-303,64031630142927;308,930800955841;311,6017062684534;
311,7079318935932;304,81573665876004;304,3965154015102;
-0;314,83984124817795;-0;
-0;-0;-0;
-0;-0;255,39654402887425;
255,66687208611285;-0;258,431299198;
258,79757830674095;-0;259,52066219257864;
259,9418031425085;-0;259,87351856404536;
260,3997499320487;-0;259,88198924795125;
260,44103230732253;-0;259,599445337935;
260,1557588506566;311,7079318935932;258,10406550273666;
258,5376907129539;303,64031630142927;249,40428698992247;
-249,69419494676333;-0;-0;
-251,54776612496727;-0;249,1118756717306;
-251,95229031628332;255,66687208611285;250,94640014237433;
-252,01490837029314;258,79757830674095;251,32973266010637;
-251,48073734977697;259,9418031425085;251,31691459974175;
-250,04638192045022;260,3997499320487;250,85732401379414;
-246,78071922123348;260,44103230732253;249,53363784881466;
-316,5618719957325;260,1557588506566;246,38306850981058;
-0;258,5376907129539;316,2515374601631;
316,5618719957325;249,65113623303847;-0;
-246,70924662266236;-0;-0;
-0;249,69419494676333;246,40146708614316;
246,70924662266236;251,54776612496727;257,45507820501103;
257,8378612557937;251,95229031628332;260,72242934633834;
261,2086341637831;252,01490837029314;262,01498864570954;
262,5822211348703;251,48073734977697;262,44512405498057;
263,0819760740116;250,04638192045022;262,4401416215852;
263,10703364847194;246,78071922123348;262,008600883778;
262,6700570941973;316,5618719957325;260,1238137918703;
260,67106312826604;-0;250,63878134430686;
-250,23213591065104;-0;-0;
-252,41633447543188;246,70924662266236;249,75992666131978;
-252,87217516960982;257,8378612557937;251,7422223510145;
-252,76419896523416;261,2086341637831;252,1983196030811;
-252,24594633252426;262,5822211348703;252,21908943424634;
-250,2013976244443;263,0819760740116;251,1046263449051;
-246,87986583752675;263,10703364847194;250,371242702418;
-315,8525263133532;262,6700570941973;246,49350968503583;
-0;260,67106312826604;317,16285414513715;
315,8525263133532;250,96582677750226;-0;
-246,65872577831422;-0;-0;
-0;250,23213591065104;246,3867078657211;
246,65872577831422;252,41633447543188;257,3468386655944;
257,7180852109866;252,87217516960982;260,5502197524264;
260,99356303837743;252,76419896523416;261,76130179163874;
262,28310612904016;252,24594633252426;262,1343468793182;
262,71110027018244;250,2013976244443;262,0859041447043;
262,68810273163587;246,87986583752675;261,65664775072065;
262,2317482519116;315,8525263133532;259,79220546405816;
260,2668284171986;-0;250,4111182119583;
-248,40448824890782;-0;-0;
-250,13473742256528;246,65872577831422;247,99638806023023;
-250,5622376610646;257,7180852109866;249,72911747786515;
-250,71402581673877;260,99356303837743;250,14254742539669;
-250,352462709261;262,28310612904016;250,20748617509753;
-249,15986876335467;262,71110027018244;249,2575206677892;
-246,12225395231474;262,68810273163587;248,77449686723133;
-315,0650943868296;262,2317482519116;245,83796057460106;
-0;260,2668284171986;316,0333642638108;
315,0650943868296;250,70006510728666;-0;
-0;-257,1581367305408;-0;
-0;-255,73693023965984;-0;
-0;-254,86829277589877;252,62171851531434;
252,86779344492524;-253,1323233225037;254,7874610516771;
255,05372398584683;-254,04169200219712;255,38542687978045;
255,66125633618134;-254,0202094561637;255,50042139638145;
255,7782385783961;-256,94984748502975;255,38755539512624;
255,69235266930366;-254,19379850145992;255,09793006218348;
255,3782192742899;315,0650943868296;253,88143372273606;
254,11963615370868;-0;246,34261692226488;
-305,13494855027824;-0;299,28896056230985;
-305,6778252687977;-0;304,6575846083601;
-304,6519244683521;252,86779344492524;305,8788075847498;
-305,9944868604156;255,05372398584683;305,37311042170256;
-306,304609127801;255,66125633618134;306,17648091720037;
-308,99981896963794;255,7782385783961;306,2100741292435;
-305,0380818781374;255,69235266930366;307,81519058554426;
-299,9813206734364;255,3782192742899;304,9336254625553;
-304,947776003598;254,11963615370868;299,66691557416215;
299,9813206734364;246,48884443315873;305,26834634355913;
-301,20243769721736;-314,851616645651;247,143905677928;
247,3212613623004;5,329070518200751E-16;301,17046288458647;
301,20243769721736;-0;307,4125181987631;
307,42440035923363;-0;308,7320706329133;
308,73990740196024;-0;309,16356267718317;
309,16714145949203;-0;309,3075431429322;
309,3151017082276;-0;309,325496737749;
309,33368027799173;-0;309,26927891792246;
309,27603374620975;-310,7529039864216;308,930800955841;
308,94244412136845;-304,15532131887466;304,81573665876004;
5,329070518200751E-16;247,3212613623004;314,83984124817795;
-0;301,20243769721736;-0;
-5,329070518200751E-16;307,42440035923363;-0;
-0;308,73990740196024;-0;
-0;309,16714145949203;5,329070518200751E-16;
-0;309,3151017082276;-0;
-0;309,33368027799173;-0;
-310,7529039864216;309,27603374620975;-0;
-304,15532131887466;308,94244412136845;311,7079318935932;
310,7529039864216;304,81843716118084;303,64031630142927;
-0;314,851616645651;-0;
-0;-5,329070518200751E-16;-0;
-0;-0;255,66687208611285;
255,66973470405753;-0;258,79757830674095;
258,79730266387764;-0;259,9418031425085;
259,95049412934117;-0;260,3997499320487;
260,4190998442473;-0;260,44103230732253;
260,488125081556;-0;260,1557588506566;
260,203251361797;310,7529039864216;258,5376907129539;
258,58542367825595;304,15532131887466;249,65113623303847;
-249,83087862834475;-0;-0;
-251,81306587341754;-0;249,69419494676333;
-252,2546854501788;255,66973470405753;251,54776612496727;
-252,07743779558916;258,79730266387764;251,95229031628332;
-250,79893643712916;259,95049412934117;252,01490837029314;
-250,03190902510502;260,4190998442473;251,48073734977697;
-246,7964196719666;260,488125081556;250,04638192045022;
-316,85015174992583;260,203251361797;246,78071922123348;
-0;258,58542367825595;316,5618719957325;
316,85015174992583;249,6806293380871;-0;
-246,73377681769009;-0;-0;
-0;249,83087862834475;246,70924662266236;
246,73377681769009;251,81306587341754;257,8378612557937;
257,83105643630694;252,2546854501788;261,2086341637831;
261,1940757806897;252,07743779558916;262,5822211348703;
262,58537645674215;250,79893643712916;263,0819760740116;
263,0824184778909;250,03190902510502;263,10703364847194;
263,11154860889576;246,7964196719666;262,6700570941973;
262,7165228416147;316,85015174992583;260,67106312826604;
260,736519131372;-0;250,96582677750226;
-250,33462970270907;-0;-0;
-252,36749581643494;246,73377681769009;250,23213591065104;
-252,85001818698362;257,83105643630694;252,41633447543188;
-252,78279969270835;261,1940757806897;252,87217516960982;
-252,2678187225197;262,58537645674215;252,76419896523416;
-250,70538174971267;263,0824184778909;252,24594633252426;
-246,8921418038721;263,11154860889576;250,2013976244443;
-319,12569796555044;262,7165228416147;246,87986583752675;
-0;260,736519131372;315,8525263133532;
319,12569796555044;250,995746099267;-0;
-246,65108942647583;-0;-0;
-0;250,33462970270907;246,65872577831422;
246,65108942647583;252,36749581643494;257,7180852109866;
257,6967563140272;252,85001818698362;260,99356303837743;
260,95137810478053;252,78279969270835;262,28310612904016;
262,24774603122006;252,2678187225197;262,71110027018244;
262,6852551933615;250,70538174971267;262,68810273163587;
262,6875907794769;246,8921418038721;262,2317482519116;
262,27723683779914;319,12569796555044;260,2668284171986;
260,3281591466238;-0;250,70006510728666;
-248,32593588263944;-0;-0;
-250,14013771105215;246,65108942647583;248,40448824890782;
-250,54408803851828;257,6967563140272;250,13473742256528;
-250,59545860559132;260,95137810478053;250,5622376610646;
-250,22215248251862;262,24774603122006;250,71402581673877;
-249,13125797895987;262,6852551933615;250,352462709261;
-246,1315578907091;262,6875907794769;249,15986876335467;
-316,2810801491918;262,27723683779914;246,12225395231474;
-0;260,3281591466238;315,0650943868296;
316,2810801491918;250,73325003049726;-0;
-0;-259,4158548336108;5,329070518200751E-16;
-0;-254,57603441694485;-0;
-0;-253,11468263257152;252,86779344492524;
252,83021192677865;-254,69076294302783;255,05372398584683;
254,99846482641297;-254,12337471286037;255,66125633618134;
255,6308347043119;-252,59686397884414;255,7782385783961;
255,75438289112466;-256,7527762255236;255,69235266930366;
255,64973456682478;-252,93589251580232;255,3782192742899;
255,37803690694167;316,2810801491918;254,11963615370868;
254,13282257612093;-0;246,48884443315873;
-303,8599155838929;-0;300,1206677321274;
-303,8950126350577;-0;305,13494855027824;
-306,0855655376501;252,83021192677865;305,6778252687977;
-305,9463195133228;254,99846482641297;304,6519244683521;
-304,8047845626749;255,6308347043119;305,9944868604156;
-308,6628662125421;255,75438289112466;306,304609127801;
-303,78492715788326;255,64973456682478;308,99981896963794;
-298,3921940588281;255,37803690694167;305,0380818781374;
-305,33318970412114;254,13282257612093;299,9813206734364;
298,3921940588281;246,4895336223515;304,947776003598;
-301,16457832049167;-314,77577192437644;247,3212613623004;
247,21914226093904;-0;301,20243769721736;
301,16457832049167;-0;307,42440035923363;
307,37888703652715;-0;308,73990740196024;
308,69130480689034;5,329070518200751E-16;309,16714145949203;
309,1305493358844;-0;309,3151017082276;
309,2728099182501;-0;309,33368027799173;
309,28485734546774;-0;309,27603374620975;
308,8236288698631;-311,65018003024994;308,94244412136845;
308,8917048526859;-304,11549289916223;304,81843716118084;
-0;247,21914226093904;314,851616645651;
-0;301,16457832049167;-5,329070518200751E-16;
-0;307,37888703652715;-5,329070518200751E-16;
5,329070518200751E-16;308,69130480689034;-0;
-0;309,1305493358844;-0;
-5,329070518200751E-16;309,2728099182501;-0;
-0;309,28485734546774;-0;
-311,65018003024994;308,8236288698631;-0;
-304,11549289916223;308,8917048526859;310,7529039864216;
311,65018003024994;304,7922733761839;304,15532131887466;
-0;314,77577192437644;-265,77704461613956;
-0;-0;-0;
-0;-0;255,66973470405753;
255,39946729687185;-0;258,79730266387764;
258,4769764167496;-5,329070518200751E-16;259,95049412934117;
259,60007608717143;-0;260,4190998442473;
260,0032862749946;-0;260,488125081556;
260,05368251132046;-0;260,203251361797;
259,79338778677095;311,65018003024994;258,58542367825595;
258,2845439260757;304,11549289916223;249,6806293380871;
-249,44680208602196;-0;-0;
-251,27377425753406;-0;249,83087862834475;
-251,5233455444191;255,39946729687185;251,81306587341754;
-250,56835108371672;258,4769764167496;252,2546854501788;
-250,15809771150577;259,60007608717143;252,07743779558916;
-249,5804630112677;260,0032862749946;250,79893643712916;
-246,32588924365646;260,05368251132046;250,03190902510502;
-315,77584871614107;259,79338778677095;246,7964196719666;
-0;258,2845439260757;316,85015174992583;
315,77584871614107;249,5004466805111;-0;
-246,38533757071437;-0;-0;
-0;249,44680208602196;246,73377681769009;
246,38533757071437;251,27377425753406;257,83105643630694;
257,3801617164498;251,5233455444191;261,1940757806897;
260,65367604049345;250,56835108371672;262,58537645674215;
261,99649410593423;250,15809771150577;263,0824184778909;
262,52677102553923;249,5804630112677;263,11154860889576;
262,5846435209917;246,32588924365646;262,7165228416147;
262,2247064527822;315,77584871614107;260,736519131372;
260,32809640713936;-0;250,995746099267;
-250,06407634048622;-0;-0;
-252,03231813842044;246,38533757071437;250,33462970270907;
-251,66051217310303;257,3801617164498;252,36749581643494;
-252,36861685937902;260,65367604049345;252,85001818698362;
-251,8582647517308;261,99649410593423;252,78279969270835;
-250,43556918651876;262,52677102553923;252,2678187225197;
-247,15235220102014;262,5846435209917;250,70538174971267;
-319,0369755986838;262,2247064527822;246,8921418038721;
-5,329070518200751E-16;260,32809640713936;319,12569796555044;
319,0369755986838;250,75284110547682;-0;
-246,3480663771182;-0;5,329070518200751E-16;
-0;250,06407634048622;246,65108942647583;
246,3480663771182;252,03231813842044;257,6967563140272;
257,23650978360365;251,66051217310303;260,95137810478053;
260,4192157405859;252,36861685937902;262,24774603122006;
261,71353694472197;251,8582647517308;262,6852551933615;
262,15033179936177;250,43556918651876;262,6875907794769;
262,18271349638695;247,15235220102014;262,27723683779914;
261,77624590931185;319,0369755986838;260,3281591466238;
259,9462851014974;-0;250,73325003049726;
-247,95991367114507;5,329070518200751E-16;-0;
-249,73696136401222;246,3480663771182;248,32593588263944;
-250,25100848298734;257,23650978360365;250,14013771105215;
-250,31567304373294;260,4192157405859;250,54408803851828;
-249,86115759582526;261,71353694472197;250,59545860559132;
-248,7401568159056;262,15033179936177;250,22215248251862;
-245,71066130564373;262,18271349638695;249,13125797895987;
-315,9557161687432;261,77624590931185;246,1315578907091;
-0;259,9462851014974;316,2810801491918;
315,9557161687432;250,49247048196418;-0;
-0;-259,135001612801;-0;
-5,329070518200751E-16;-258,7038670721202;-0;
-0;-257,9538268455462;252,83021192677865;
252,5617533400491;-255,0028923345077;254,99846482641297;
254,70236363562918;-254,45343031349995;255,6308347043119;
255,2968302951078;-253,02810394734252;255,75438289112466;
255,44431411617703;-255,59568080747488;255,64973456682478;
255,36642855396147;-253,7015769349251;255,37803690694167;
255,12920435400608;315,9557161687432;254,13282257612093;
253,93106790341693;-0;246,4895336223515;
-307,88985746826717;-5,329070518200751E-16;302,3040853783983;
-308,39988375821866;-0;303,8599155838929;
-305,98627627064485;252,5617533400491;303,8950126350577;
-305,8104536230641;254,70236363562918;306,0855655376501;
-304,6228833888468;255,2968302951078;305,9463195133228;
-306,89082675322214;255,44431411617703;304,8047845626749;
-303,976193206788;255,36642855396147;308,6628662125421;
-298,6884583238216;255,12920435400608;303,78492715788326;
-305,5729375155913;253,93106790341693;298,3921940588281;
298,6884583238216;246,37197264493796;305,33318970412114;
-301,07761777949526;-313,32100918158375;247,21914226093904;
246,97119741466355;-0;301,16457832049167;
301,07761777949526;-5,329070518200751E-16;307,37888703652715;
307,2593128217364;-0;308,69130480689034;
308,5247743731478;-0;309,1305493358844;
308,92514332277324;-0;309,2728099182501;
309,03926558691586;-0;309,28485734546774;
309,05031180180214;-0;308,8236288698631;
309,0021636645622;-311,24614917313374;308,8917048526859;
308,7014104647271;-303,9048212239509;304,7922733761839;
-0;246,97119741466355;314,77577192437644;
-1,0658141036401502E-15;301,07761777949526;-0;
-0;307,2593128217364;-0;
5,329070518200751E-16;308,5247743731478;-0;
-0;308,92514332277324;-5,329070518200751E-16;
-0;309,03926558691586;-0;
-0;309,05031180180214;-0;
-311,24614917313374;309,0021636645622;-265,86415993524474;
-303,9048212239509;308,7014104647271;311,65018003024994;
311,24614917313374;304,64859305408976;304,11549289916223;
-0;313,32100918158375;-268,03025827598617;
310,7734608239627;-0;-0;
-0;5,329070518200751E-16;255,39946729687185;
254,52937892564393;-0;258,4769764167496;
257,4215356920522;-0;259,60007608717143;
258,437371489528;-0;260,0032862749946;
258,77129941805345;-0;260,05368251132046;
258,8306424790415;-0;259,79338778677095;
258,6094460557464;311,24614917313374;258,2845439260757;
257,2398227036226;303,9048212239509;249,5004466805111;
-248,28298195568289;310,7734608239627;-259,2004467999087;
-249,93661374622775;-0;249,44680208602196;
-250,10042559688293;254,52937892564393;251,27377425753406;
-250,02907684640147;257,4215356920522;251,5233455444191;
-249,55831569626628;258,437371489528;250,56835108371672;
-248,33927772322008;258,77129941805345;250,15809771150577;
-245,0700211663645;258,8306424790415;249,5804630112677;
-313,6704481689527;258,6094460557464;246,32588924365646;
-0;257,2398227036226;315,77584871614107;
313,6704481689527;248,76416183403865;-266,81173014480044;
-245,37364184168962;-0;-267,0050770109159;
-0;248,28298195568289;246,38533757071437;
245,37364184168962;249,93661374622775;257,3801617164498;
256,04752875515277;250,10042559688293;260,65367604049345;
259,1888150562187;250,02907684640147;261,99649410593423;
260,37928579404115;249,55831569626628;262,52677102553923;
260,86566695826224;248,33927772322008;262,5846435209917;
260,95241177006153;245,0700211663645;262,2247064527822;
260,65561114299413;313,6704481689527;260,32809640713936;
258,97822058605584;-0;250,75284110547682;
-248,5510720262427;5,329070518200751E-16;-259,0026149346649;
-250,5055317133713;245,37364184168962;250,06407634048622;
-250,59191114756658;256,04752875515277;252,03231813842044;
-250,49339685837703;259,1888150562187;251,66051217310303;
-249,994320482588;260,37928579404115;252,36861685937902;
-248,72489801500853;260,86566695826224;251,8582647517308;
-245,6519418116846;260,95241177006153;250,43556918651876;
-314,75053975623376;260,65561114299413;247,15235220102014;
-0;258,97822058605584;319,0369755986838;
314,75053975623376;249,82091246877496;-264,4839432999373;
-245,307346356963;-0;-266,04058624887364;
-5,329070518200751E-16;248,5510720262427;246,3480663771182;
245,307346356963;250,5055317133713;257,23650978360365;
255,9312172820639;250,59191114756658;260,4192157405859;
258,9948413632578;250,49339685837703;261,71353694472197;
260,12446603255125;249,994320482588;262,15033179936177;
260,5472413322896;248,72489801500853;262,18271349638695;
260,59363445000156;245,6519418116846;261,77624590931185;
260,2979328915058;314,75053975623376;259,9462851014974;
258,6219209237541;-0;250,49247048196418;
-246,16305392278537;-5,329070518200751E-16;-265,38990423346473;
-248,3927599293083;245,307346356963;247,95991367114507;
-248,6554783936478;255,9312172820639;249,73696136401222;
-247,92982301186873;258,9948413632578;250,25100848298734;
-248,12811807700848;260,12446603255125;250,31567304373294;
-247,15763785194093;260,5472413322896;249,86115759582526;
-0;260,59363445000156;248,7401568159056;
-313,98533257725563;260,2979328915058;245,71066130564373;
-0;258,6219209237541;315,9557161687432;
313,98533257725563;249,60615694907102;-266,2413127081436;
-0;-257,99310139123656;-268,1278448379584;
-0;-256,43314714851806;-0;
-0;-255,74114530475254;252,5617533400491;
251,71865441133085;-255,36860370766846;254,70236363562918;
253,80660854110718;-258,01845718897096;255,2968302951078;
254,36213073968852;-257,94955731769727;255,44431411617703;
254,50996526970098;-254,68330171833222;255,36642855396147;
254,4875829617274;-255,67092601510285;255,12920435400608;
254,28183081479608;313,98533257725563;253,93106790341693;
253,1923140323078;-0;246,37197264493796;
-304,7499740889462;-0;301,97567450945974;
-305,227452529458;-0;307,88985746826717;
-305,3849090473574;251,71865441133085;308,39988375821866;
-308,26070021728464;253,80660854110718;305,98627627064485;
-308,2324289216459;254,36213073968852;305,8104536230641;
-304,8524007712429;254,50996526970098;304,6228833888468;
-304,73647638303646;254,4875829617274;306,89082675322214;
-299,48943267349125;254,28183081479608;303,976193206788;
-304,1127020870787;253,1923140323078;298,6884583238216;
299,48943267349125;245,8659750727035;305,5729375155913;
-300,66998852423126;-312,0698870743683;246,97119741466355;
246,56207461964445;-0;301,07761777949526;
300,66998852423126;-0;307,2593128217364;
306,421268696797;-0;308,5247743731478;
307,43310092217877;-0;308,92514332277324;
307,6924659793493;-0;309,03926558691586;
307,76388263227346;-0;309,05031180180214;
308,30653935392183;-317,34352551274543;309,0021636645622;
307,73560378459325;-308,4004220947145;308,7014104647271;
307,47858605508446;-302,8035724333571;304,64859305408976;
-0;246,56207461964445;313,32100918158375;
-0;300,66998852423126;-257,38625732814484;
-0;306,421268696797;-256,8628561126396;
-0;307,43310092217877;-255,8296200548525;
-0;307,6924659793493;-256,802615667807;
-0;307,76388263227346;-257,7592594913448;
-317,34352551274543;308,30653935392183;-257,1586111013586;
-308,4004220947145;307,73560378459325;-256,9612720852784;
-302,8035724333571;307,47858605508446;311,24614917313374;
308,4004220947145;303,319656140139;303,9048212239509;
-0;312,0698870743683;310,7734608239627;
308,29226338462365;-0;-262,77334787005674;
-0;-5,329070518200751E-16;-261,29909542659493;
251,27202709150575;-0;-260,21542543186644;
253,52794670207413;-0;-258,73866761478814;
254,2147022897529;-0;258,77129941805345;
254,41969490375357;-0;-259,6133372916431;
254,45541956822143;317,34352551274543;-258,71212854802974;
254,30473758382956;308,4004220947145;-260,4637372714426;
253,2415755749802;302,8035724333571;-262,6604203209406;
-0;308,29226338462365;-257,39929808177425;
-5,329070518200751E-16;-0;-255,3335799240636;
-245,2116850375241;251,27202709150575;-254,41133800327455;
-245,01596930387342;253,52794670207413;-254,25062405877492;
-0;254,2147022897529;-254,99173393824435;
-0;254,41969490375357;-251,86566821905564;
-0;254,45541956822143;-254,7326919560103;
-312,4266727281924;254,30473758382956;-249,58648118031303;
-308,581767210343;253,2415755749802;313,6704481689527;
312,4266727281924;245,86783807519112;-259,8232242782738;
-0;316,9877749371056;-262,0933374433737;
309,42512849896127;-0;-261,88861312566337;
-0;5,329070518200751E-16;-260,4338068283629;
252,30563895252664;245,2116850375241;259,1888150562187;
254,7145474520048;245,01596930387342;260,37928579404115;
255,51965930198048;-0;260,86566695826224;
255,77907539311116;-0;260,95241177006153;
255,83702732779938;-0;260,65561114299413;
255,64203284632822;312,4266727281924;258,97822058605584;
254,38252194820674;308,581767210343;-262,1353082602833;
-0;309,42512849896127;-251,64437846339717;
-245,34922835239328;-0;-255,1767943099521;
-0;252,30563895252664;-255,17918199727632;
-0;254,7145474520048;-254,98284615821592;
-245,10910830385257;255,51965930198048;-253,99519356060398;
-0;255,77907539311116;-252,80621906379247;
-0;255,83702732779938;-254,55464466593156;
-314,84900481489507;255,64203284632822;-255,6796232863224;
-309,87514921964794;254,38252194820674;314,75053975623376;
314,84900481489507;246,56765017757056;-259,55078117710025;
-0;317,1250149191668;-262,05833544496636;
308,4716543575977;-5,329070518200751E-16;-260,9092432422674;
-0;245,34922835239328;-260,5019157460057;
252,2221710209883;-0;-259,3710994707479;
254,5725952697635;-0;260,12446603255125;
255,35340891107992;245,10910830385257;260,5472413322896;
255,5937507523617;-0;260,59363445000156;
255,60551284429997;5,329070518200751E-16;260,2979328915058;
255,4192790737188;314,84900481489507;-259,81185386036475;
254,17878026446124;309,87514921964794;-262,23874950466626;
-5,329070518200751E-16;308,4716543575977;-259,155217145559;
-0;-0;-255,6056979421946;
5,329070518200751E-16;252,2221710209883;-249,95531525681136;
-0;254,5725952697635;-249,80454439374338;
-0;255,35340891107992;-255,70600934852177;
-0;255,5937507523617;-254,76964593763907;
5,329070518200751E-16;255,60551284429997;-252,09921874528578;
-311,7632126307283;255,4192790737188;-255,96644072768368;
-308,00420806739686;254,17878026446124;313,98533257725563;
311,7632126307283;246,44241874399972;-261,3274167303448;
-0;314,71204801279754;-263,02106601255446;
308,4174147516275;-257,4763204672332;-263,36033287450766;
-0;-255,72482101647768;-262,41074659161427;
248,87824450278268;-257,2273263295424;-259,00000547136545;
250,53757311697996;-256,4254351357999;-260,4141412080408;
250,94823593460146;-255,37188175037141;-257,90470908907025;
251,0548602364401;-256,4536183538241;-260,40187582197655;
251,04023347579002;-256,3197078431905;-261,5341708172171;
250,9175980621589;311,7632126307283;-262,14235921385955;
250,0738889010695;308,00420806739686;-263,8471451856855;
-303,1070364433279;308,4174147516275;300,2726136001583;
-302,2353049661546;-0;304,7499740889462;
-303,95893457775946;248,87824450278268;305,227452529458;
-303,3333627793322;250,53757311697996;305,3849090473574;
-302,3283664922966;250,94823593460146;308,26070021728464;
-303,1728517986395;251,0548602364401;308,2324289216459;
-302,08479356407867;251,04023347579002;304,8524007712429;
-300,3547614375829;250,9175980621589;304,73647638303646;
-303,9214984465575;250,0738889010695;299,48943267349125;
300,3547614375829;-0;304,1127020870787;
-294,2596068613979;-299,14837635911505;246,56207461964445;
245,89756429275081;-303,3529218865303;300,66998852423126;
294,2596068613979;-303,7051551624387;306,421268696797;
297,9004175390534;-302,76918147305383;307,43310092217877;
298,3269729874797;-303,7211125043646;307,6924659793493;
298,9831083150886;-303,6832228367718;307,76388263227346;
297,5247899390841;-303,5017201743769;308,30653935392183;
297,52239463290846;-301,72177611948086;307,73560378459325;
298,4173822275133;-296,3213125425843;307,47858605508446;
298,84981084342184;-295,0260634018193;303,319656140139;
-303,3529218865303;245,89756429275081;312,0698870743683;
-303,7051551624387;294,2596068613979;-0;
-302,76918147305383;297,9004175390534;-0;
-303,7211125043646;298,3269729874797;-0;
-303,6832228367718;298,9831083150886;-0;
-303,5017201743769;297,5247899390841;-0;
-301,72177611948086;297,52239463290846;-0;
-296,3213125425843;298,4173822275133;317,34352551274543;
-295,0260634018193;298,84981084342184;308,4004220947145;
296,3213125425843;295,66302247916053;302,8035724333571;
-303,82492185713215;299,14837635911505;308,29226338462365;
298,52481711415277;303,3529218865303;-0;
303,82492185713215;303,7051551624387;251,27202709150575;
309,1211232959623;302,76918147305383;253,52794670207413;
309,97898694410907;303,7211125043646;254,2147022897529;
309,17245231834806;303,6832228367718;254,41969490375357;
310,2751571347645;303,5017201743769;254,45541956822143;
310,26916440625774;301,72177611948086;254,30473758382956;
309,1848652181787;296,3213125425843;253,2415755749802;
309,7479049273824;295,0260634018193;245,86783807519112;
-303,9957622477096;298,52481711415277;316,9877749371056;
-305,8510113267357;303,82492185713215;-0;
-305,9188788508014;309,1211232959623;5,329070518200751E-16;
-306,665776884218;309,97898694410907;245,2116850375241;
-305,84303775539615;309,17245231834806;245,01596930387342;
-305,5912527162135;310,2751571347645;-0;
-306,35691087736797;310,26916440625774;-0;
-298,61785666861687;309,1848652181787;-0;
-298,85614600393114;309,7479049273824;312,4266727281924;
298,61785666861687;305,26341665556487;308,581767210343;
-304,14282493813914;300,52729073292625;309,42512849896127;
298,97843709131104;303,9957622477096;-0;
304,14282493813914;305,8510113267357;252,30563895252664;
309,4954014940533;305,9188788508014;254,7145474520048;
310,41097156436155;306,665776884218;255,51965930198048;
310,6681505956024;305,84303775539615;255,77907539311116;
310,7394766392419;305,5912527162135;255,83702732779938;
310,73917788658355;306,35691087736797;255,64203284632822;
310,6706220670209;298,61785666861687;254,38252194820674;
310,6434327758936;298,85614600393114;246,56765017757056;
-304,0890514769152;298,97843709131104;317,1250149191668;
-305,93233356049274;304,14282493813914;-0;
-306,0176444444485;309,4954014940533;245,34922835239328;
-306,02397066389847;310,41097156436155;-0;
-304,67575732587306;310,6681505956024;-0;
-305,63764348060437;310,7394766392419;245,10910830385257;
-303,4529806356118;310,73917788658355;-0;
-298,7180996658738;310,6706220670209;-0;
-298,94973620585637;310,6434327758936;314,84900481489507;
298,7180996658738;305,5068940652212;309,87514921964794;
-303,12469427485144;302,44875386529117;308,4716543575977;
298,995221498706;304,0890514769152;-0;
303,12469427485144;305,93233356049274;252,2221710209883;
309,46463414439853;306,0176444444485;254,5725952697635;
310,36617530606935;306,02397066389847;255,35340891107992;
310,6125938231348;304,67575732587306;255,5937507523617;
310,6773829508547;305,63764348060437;255,60551284429997;
310,6712423990753;303,4529806356118;255,4192790737188;
309,56205588540644;298,7180996658738;254,17878026446124;
310,0797939090475;298,94973620585637;246,44241874399972;
-305,03995913749173;298,995221498706;314,71204801279754;
-308,6218462558309;303,12469427485144;5,329070518200751E-16;
-307,13820034601673;309,46463414439853;-0;
-305,5779627422525;310,36617530606935;-0;
-305,57012508441386;310,6125938231348;-0;
-307,14496100215905;310,6773829508547;-0;
-304,34794602975546;310,6712423990753;-0;
-300,41921800550364;309,56205588540644;-5,329070518200751E-16;
-297,9400644346898;310,0797939090475;311,7632126307283;
300,41921800550364;305,4673791210171;308,00420806739686;
-303,1238963167777;299,13870217797313;308,4174147516275;
298,55920731830105;305,03995913749173;-0;
303,1238963167777;308,6218462558309;248,87824450278268;
307,99700722642916;307,13820034601673;250,53757311697996;
308,65270027960315;305,5779627422525;250,94823593460146;
307,7692666584409;305,57012508441386;251,0548602364401;
309,32581518462746;307,14496100215905;251,04023347579002;
307,7875939811654;304,34794602975546;250,9175980621589;
308,7546543752894;300,41921800550364;250,0738889010695;
308,35599383859426;297,9400644346898;-0;
-292,5750891104508;298,55920731830105;301,4530942837228;
-295,8315194605454;303,1238963167777;303,1070364433279;
-294,5359413659288;307,99700722642916;302,2353049661546;
-292,78893220451056;308,65270027960315;303,95893457775946;
-292,78965310349065;307,7692666584409;303,3333627793322;
-292,7433982562584;309,32581518462746;302,3283664922966;
-291,5167056233205;307,7875939811654;303,1728517986395;
-288,79414574796556;308,7546543752894;302,08479356407867;
-295,6195502958182;308,35599383859426;300,3547614375829;
288,79414574796556;304,2384339665302;303,9214984465575;
